ADP,Player,Points_2018,Bye
1,Saquon Barkley,340.3,11
,Saquon Barkley,,
,NYG ,,
,RB,,
2,Alvin Kamara,313.7,9
,Alvin Kamara,,
,NO ,,
,RB,,
3,Christian McCaffrey,332,7
,Christian McCaffrey,,
,CAR ,,
,RB,,
4,Ezekiel Elliott,290.7,8
,Ezekiel Elliott,,
,DAL ,,
,RB,,
5,David Johnson,221.6,12
,David Johnson,,
,ARI ,,
,RB,,
6,DeAndre Hopkins,276,10
,DeAndre Hopkins,,
,HOU ,,
,WR,,
7,Davante Adams,272.1,11
,Davante Adams,,
,GB ,,
,WR,,
8,James Conner,248.5,7
,James Conner,,
,PIT ,,
,RB,,
9,Le'Veon Bell,0,4
,Le'Veon Bell,,
,NYJ ,,
,RB,,
10,Nick Chubb,184.5,7
,Nick Chubb,,
,CLE ,,
,RB,,
11,Michael Thomas,253,9
,Michael Thomas,,
,NO ,,
,WR,,
12,Julio Jones,269.4,9
,Julio Jones,,
,ATL ,,
,WR,,
13,Odell Beckham Jr.,191.84,7
,Odell Beckham Jr.,,
,CLE ,,
,WR,,
14,Todd Gurley,340.6,9
,Todd Gurley,,
,LAR ,,
,RB,,
15,Dalvin Cook,132,12
,Dalvin Cook,,
,MIN ,,
,RB,,
16,JuJu Smith-Schuster,239.4,7
,JuJu Smith-Schuster,,
,PIT ,,
,WR,,
17,Travis Kelce,243.1,12
,Travis Kelce,,
,KC ,,
,TE,,
18,Joe Mixon,221.9,9
,Joe Mixon,,
,CIN ,,
,RB,,
19,Tyreek Hill,284.5,12
,Tyreek Hill,,
,KC ,,
,WR,,
20,Patrick Mahomes,417.08,12
,Patrick Mahomes,,
,KC ,,
,QB,,
21,Mike Evans,241.4,7
,Mike Evans,,
,TB ,,
,WR,,
22,Antonio Brown,271.7,10
,Antonio Brown,,
,NE ,,
,WR,,
23,Keenan Allen,209.6,12
,Keenan Allen,,
,LAC ,,
,WR,,
24,Adam Thielen,248.8,12
,Adam Thielen,,
,MIN ,,
,WR,,
25,George Kittle,212.7,4
,George Kittle,,
,SF ,,
,TE,,
26,Leonard Fournette,109.4,10
,Leonard Fournette,,
,JAC ,,
,RB,,
27,Damien Williams,87.1,12
,Damien Williams,,
,KC ,,
,RB,,
28,Aaron Jones,158.5,11
,Aaron Jones,,
,GB ,,
,RB,,
29,Kerryon Johnson,123.4,5
,Kerryon Johnson,,
,DET ,,
,RB,,
30,Zach Ertz,222.3,10
,Zach Ertz,,
,PHI ,,
,TE,,
31,Devonta Freeman,11.6,9
,Devonta Freeman,,
,ATL ,,
,RB,,
32,Amari Cooper,177.9,8
,Amari Cooper,,
,DAL ,,
,WR,,
33,Stefon Diggs,213.3,12
,Stefon Diggs,,
,MIN ,,
,WR,,
34,Derrick Henry,193.86,11
,Derrick Henry,,
,TEN ,,
,RB,,
35,Josh Jacobs,0,6
,Josh Jacobs,,
,OAK ,,
,RB,,
36,Marlon Mack,169.6,6
,Marlon Mack,,
,IND ,,
,RB,,
37,Chris Carson,191.4,11
,Chris Carson,,
,SEA ,,
,RB,,
38,Brandin Cooks,203.2,9
,Brandin Cooks,,
,LAR ,,
,WR,,
39,Robert Woods,222.6,9
,Robert Woods,,
,LAR ,,
,WR,,
40,T.Y. Hilton,201,6
,T.Y. Hilton,,
,IND ,,
,WR,,
41,David Montgomery,0,6
,David Montgomery,,
,CHI ,,
,RB,,
42,Julian Edelman,170.42,10
,Julian Edelman,,
,NE ,,
,WR,,
43,Deshaun Watson,331.7,10
,Deshaun Watson,,
,HOU ,,
,QB,,
44,Mark Ingram II,132,8
,Mark Ingram II,,
,BAL ,,
,RB,,
45,Chris Godwin,153.7,7
,Chris Godwin,,
,TB ,,
,WR,,
46,Kenny Golladay,172.1,5
,Kenny Golladay,,
,DET ,,
,WR,,
47,Melvin Gordon,248.5,12
,Melvin Gordon,,
,LAC ,,
,RB,,
48,Tyler Lockett,191.9,11
,Tyler Lockett,,
,SEA ,,
,WR,,
49,Sony Michel,135.6,10
,Sony Michel,,
,NE ,,
,RB,,
50,Aaron Rodgers,312.58,11
,Aaron Rodgers,,
,GB ,,
,QB,,
51,Cooper Kupp,115.1,9
,Cooper Kupp,,
,LAR ,,
,WR,,
52,Phillip Lindsay,205.3,10
,Phillip Lindsay,,
,DEN ,,
,RB,,
53,Tyler Boyd,183.1,9
,Tyler Boyd,,
,CIN ,,
,WR,,
54,O.J. Howard,103.5,7
,O.J. Howard,,
,TB ,,
,TE,,
55,Mike Williams,156.7,12
,Mike Williams,,
,LAC ,,
,WR,,
56,Calvin Ridley,174.8,9
,Calvin Ridley,,
,ATL ,,
,WR,,
57,Evan Engram,101.8,11
,Evan Engram,,
,NYG ,,
,TE,,
58,Baker Mayfield,238.1,7
,Baker Mayfield,,
,CLE ,,
,QB,,
59,A.J. Green,126.4,9
,A.J. Green,,
,CIN ,,
,WR,,
60,Hunter Henry,0,12
,Hunter Henry,,
,LAC ,,
,TE,,
61,Tevin Coleman,177.6,4
,Tevin Coleman,,
,SF ,,
,RB,,
62,Jarvis Landry,176.62,7
,Jarvis Landry,,
,CLE ,,
,WR,,
63,Josh Gordon,118.2,10
,Josh Gordon,,
,NE ,,
,WR,,
64,D.J. Moore,129.5,7
,D.J. Moore,,
,CAR ,,
,WR,,
65,James White,233.1,10
,James White,,
,NE ,,
,RB,,
66,Alshon Jeffery,152.8,10
,Alshon Jeffery,,
,PHI ,,
,WR,,
67,Allen Robinson,125.8,6
,Allen Robinson,,
,CHI ,,
,WR,,
68,Miles Sanders,0,10
,Miles Sanders,,
,PHI ,,
,RB,,
69,Matt Ryan,353.96,9
,Matt Ryan,,
,ATL ,,
,QB,,
70,Duke Johnson,108.5,10
,Duke Johnson,,
,HOU ,,
,RB,,
71,Jared Cook,159.6,9
,Jared Cook,,
,NO ,,
,TE,,
72,Austin Ekeler,149.3,12
,Austin Ekeler,,
,LAC ,,
,RB,,
73,Tarik Cohen,198.44,6
,Tarik Cohen,,
,CHI ,,
,RB,,
74,Carson Wentz,192.66,10
,Carson Wentz,,
,PHI ,,
,QB,,
75,Robby Anderson,131.4,4
,Robby Anderson,,
,NYJ ,,
,WR,,
76,Drew Brees,303.98,9
,Drew Brees,,
,NO ,,
,QB,,
77,Kenyan Drake,179.7,5
,Kenyan Drake,,
,MIA ,,
,RB,,
78,CHI,191,6
,Chicago Bears,,
,CHI ,,
,DST,,
79,Dede Westbrook,140.5,10
,Dede Westbrook,,
,JAC ,,
,WR,,
80,Russell Wilson,298.42,11
,Russell Wilson,,
,SEA ,,
,QB,,
81,Will Fuller,90.3,10
,Will Fuller,,
,HOU ,,
,WR,,
82,Latavius Murray,118.9,9
,Latavius Murray,,
,NO ,,
,RB,,
83,Vance McDonald,108,7
,Vance McDonald,,
,PIT ,,
,TE,,
84,Christian Kirk,102,12
,Christian Kirk,,
,ARI ,,
,WR,,
85,Jared Goff,310.32,9
,Jared Goff,,
,LAR ,,
,QB,,
86,Derrius Guice,0,10
,Derrius Guice,,
,WAS ,,
,RB,,
87,Cam Newton,282.6,7
,Cam Newton,,
,CAR ,,
,QB,,
88,Sammy Watkins,95.1,12
,Sammy Watkins,,
,KC ,,
,WR,,
89,Curtis Samuel,117.3,7
,Curtis Samuel,,
,CAR ,,
,WR,,
90,David Njoku,115.9,7
,David Njoku,,
,CLE ,,
,TE,,
91,Jordan Howard,170,10
,Jordan Howard,,
,PHI ,,
,RB,,
92,LAR,147,9
,Los Angeles Rams,,
,LAR ,,
,DST,,
93,Corey Davis,151.1,11
,Corey Davis,,
,TEN ,,
,WR,,
94,Eric Ebron,189.2,6
,Eric Ebron,,
,IND ,,
,TE,,
95,Sterling Shepard,147.5,11
,Sterling Shepard,,
,NYG ,,
,WR,,
96,Marvin Jones,98.3,5
,Marvin Jones,,
,DET ,,
,WR,,
97,Kyler Murray,0,12
,Kyler Murray,,
,ARI ,,
,QB,,
98,Matt Breida,149,4
,Matt Breida,,
,SF ,,
,RB,,
99,Royce Freeman,94.3,10
,Royce Freeman,,
,DEN ,,
,RB,,
100,Larry Fitzgerald,149.18,12
,Larry Fitzgerald,,
,ARI ,,
,WR,,
101,Lamar Jackson,157.74,8
,Lamar Jackson,,
,BAL ,,
,QB,,
102,Emmanuel Sanders,162.72,10
,Emmanuel Sanders,,
,DEN ,,
,WR,,
103,Rashaad Penny,65.9,11
,Rashaad Penny,,
,SEA ,,
,RB,,
104,Devin Singletary,0,6
,Devin Singletary,,
,BUF ,,
,RB,,
105,Dante Pettis,90,4
,Dante Pettis,,
,SF ,,
,WR,,
106,LeSean McCoy,110.2,12
,LeSean McCoy,,
,KC ,,
,RB,,
107,Kareem Hunt,217.2,12
,Kareem Hunt,,
,KC ,,
,RB,,
109,Jameis Winston,195.78,7
,Jameis Winston,,
,TB ,,
,QB,,
110,JAC,107,10
,Jacksonville Jaguars,,
,JAC ,,
,DST,,
111,Delanie Walker,7.2,11
,Delanie Walker,,
,TEN ,,
,TE,,
112,Tom Brady,280.3,10
,Tom Brady,,
,NE ,,
,QB,,
113,Ben Roethlisberger,340.86,7
,Ben Roethlisberger,,
,PIT ,,
,QB,,
114,Marquez Valdes-Scantling,92,11
,Marquez Valdes-Scantling,,
,GB ,,
,WR,,
116,Tony Pollard,0,8
,Tony Pollard,,
,DAL ,,
,RB,,
117,Courtland Sutton,115.3,10
,Courtland Sutton,,
,DEN ,,
,WR,,
118,James Washington,35.7,7
,James Washington,,
,PIT ,,
,WR,,
119,Austin Hooper,125.5,9
,Austin Hooper,,
,ATL ,,
,TE,,
120,Darrell Henderson,0,9
,Darrell Henderson,,
,LAR ,,
,RB,,
121,Philip Rivers,285.02,12
,Philip Rivers,,
,LAC ,,
,QB,,
122,Adrian Peterson,179,10
,Adrian Peterson,,
,WAS ,,
,RB,,
123,Justin Jackson,53.6,12
,Justin Jackson,,
,LAC ,,
,RB,,
124,Dak Prescott,285.86,8
,Dak Prescott,,
,DAL ,,
,QB,,
126,Michael Gallup,79.2,8
,Michael Gallup,,
,DAL ,,
,WR,,
127,DeSean Jackson,130.8,10
,DeSean Jackson,,
,PHI ,,
,WR,,
128,Geronimo Allison,52.3,11
,Geronimo Allison,,
,GB ,,
,WR,,
129,Golden Tate,143.9,11
,Golden Tate,,
,NYG ,,
,WR,,
130,MIN,124,12
,Minnesota Vikings,,
,MIN ,,
,DST,,
131,Mark Andrews,90.2,8
,Mark Andrews,,
,BAL ,,
,TE,,
132,Donte Moncrief,106.8,7
,Donte Moncrief,,
,PIT ,,
,WR,,
134,Jaylen Samuels,76.5,7
,Jaylen Samuels,,
,PIT ,,
,RB,,
135,Tyrell Williams,117.3,6
,Tyrell Williams,,
,OAK ,,
,WR,,
136,D.K. Metcalf,0,11
,D.K. Metcalf,,
,SEA ,,
,WR,,
137,BAL,126,8
,Baltimore Ravens,,
,BAL ,,
,DST,,
138,Anthony Miller,103.72,6
,Anthony Miller,,
,CHI ,,
,WR,,
139,Peyton Barber,140.3,7
,Peyton Barber,,
,TB ,,
,RB,,
140,Kalen Ballage,33.2,5
,Kalen Ballage,,
,MIA ,,
,RB,,
141,Damien Harris,0,10
,Damien Harris,,
,NE ,,
,RB,,
142,CLE,98,7
,Cleveland Browns,,
,CLE ,,
,DST,,
143,Justice Hill,0,8
,Justice Hill,,
,BAL ,,
,RB,,
144,Mecole Hardman,0,12
,Mecole Hardman,,
,KC ,,
,WR,,
145,Greg Olsen,66.6,7
,Greg Olsen,,
,CAR ,,
,TE,,
146,Mitch Trubisky,263.02,6
,Mitch Trubisky,,
,CHI ,,
,QB,,
147,Dion Lewis,131.2,11
,Dion Lewis,,
,TEN ,,
,RB,,
148,Kirk Cousins,282.12,12
,Kirk Cousins,,
,MIN ,,
,QB,,
149,N'Keal Harry,0,10
,N'Keal Harry,,
,NE ,,
,WR,,
150,Carlos Hyde,93.4,10
,Carlos Hyde,,
,HOU ,,
,RB,,
151,NE,135,10
,New England Patriots,,
,NE ,,
,DST,,
152,HOU,144,10
,Houston Texans,,
,HOU ,,
,DST,,
155,Ronald Jones II,17.2,7
,Ronald Jones II,,
,TB ,,
,RB,,
156,Keke Coutee,48.7,10
,Keke Coutee,,
,HOU ,,
,WR,,
157,Trey Burton,118.1,6
,Trey Burton,,
,CHI ,,
,TE,,
158,T.J. Hockenson,0,5
,T.J. Hockenson,,
,DET ,,
,TE,,
159,Alexander Mattison,0,12
,Alexander Mattison,,
,MIN ,,
,RB,,
160,John Brown,122.9,6
,John Brown,,
,BUF ,,
,WR,,
161,Deebo Samuel,0,4
,Deebo Samuel,,
,SF ,,
,WR,,
162,Jamison Crowder,68.3,4
,Jamison Crowder,,
,NYJ ,,
,WR,,
163,Devin Funchess,100.9,6
,Devin Funchess,,
,IND ,,
,WR,,
164,Kyle Rudolph,119.4,12
,Kyle Rudolph,,
,MIN ,,
,TE,,
165,Nyheim Hines,129.4,6
,Nyheim Hines,,
,IND ,,
,RB,,
166,Matthew Stafford,212.18,5
,Matthew Stafford,,
,DET ,,
,QB,,
167,Ito Smith,84.2,9
,Ito Smith,,
,ATL ,,
,RB,,
168,DEN,122,10
,Denver Broncos,,
,DEN ,,
,DST,,
169,Jimmy Graham,103.1,11
,Jimmy Graham,,
,GB ,,
,TE,,
170,Darwin Thompson,0,12
,Darwin Thompson,,
,KC ,,
,RB,,
171,Jason Witten,0,8
,Jason Witten,,
,DAL ,,
,TE,,
172,Josh Allen,208.06,6
,Josh Allen,,
,BUF ,,
,QB,,
173,Jimmy Garoppolo,48.02,4
,Jimmy Garoppolo,,
,SF ,,
,QB,,
174,Randall Cobb,67.3,8
,Randall Cobb,,
,DAL ,,
,WR,,
175,Nick Foles,75.22,10
,Nick Foles,,
,JAC ,,
,QB,,
176,Derek Carr,215.76,6
,Derek Carr,,
,OAK ,,
,QB,,
177,Jordan Reed,92.8,10
,Jordan Reed,,
,WAS ,,
,TE,,
178,Parris Campbell,0,6
,Parris Campbell,,
,IND ,,
,WR,,
179,Tre'Quan Smith,86.7,9
,Tre'Quan Smith,,
,NO ,,
,WR,,
180,Rex Burkhead,42.7,10
,Rex Burkhead,,
,NE ,,
,RB,,
181,Adam Humphries,150.7,11
,Adam Humphries,,
,TEN ,,
,WR,,
182,Sam Darnold,168.4,4
,Sam Darnold,,
,NYJ ,,
,QB,,
183,Ted Ginn,42,9
,Ted Ginn,,
,NO ,,
,WR,,
184,Marquise Goodwin,75.9,4
,Marquise Goodwin,,
,SF ,,
,WR,,
185,Jacoby Brissett,-0.62,6
,Jacoby Brissett,,
,IND ,,
,QB,,
186,DAL,98,8
,Dallas Cowboys,,
,DAL ,,
,DST,,
187,Marquise Brown,0,8
,Marquise Brown,,
,BAL ,,
,WR,,
188,CAR,88,7
,Carolina Panthers,,
,CAR ,,
,DST,,
189,Dare Ogunbowale,0,7
,Dare Ogunbowale,,
,TB ,,
,RB,,
190,Malcolm Brown,34.9,9
,Malcolm Brown,,
,LAR ,,
,RB,,
191,GB,92,11
,Green Bay Packers,,
,GB ,,
,DST,,
192,LAC,107,12
,LA Chargers,,
,LAC ,,
,DST,,
193,C.J. Anderson,64.9,5
,C.J. Anderson,,
,DET ,,
,RB,,
194,ATL,77,9
,Atlanta Falcons,,
,ATL ,,
,DST,,
195,Demaryius Thomas,127.2,4
,Demaryius Thomas,,
,NYJ ,,
,WR,,
197,Kenny Stills,113.92,10
,Kenny Stills,,
,HOU ,,
,WR,,
198,Tyler Eifert,31.4,9
,Tyler Eifert,,
,CIN ,,
,TE,,
200,PHI,97,10
,Philadelphia Eagles,,
,PHI ,,
,DST,,
201,D'Onta Foreman,9.7,0
,D'Onta Foreman,,
,FA ,,
,RB,,
202,SEA,122,11
,Seattle Seahawks,,
,SEA ,,
,DST,,
203,BUF,107,6
,Buffalo Bills,,
,BUF ,,
,DST,,
204,Mohamed Sanu,147.4,9
,Mohamed Sanu,,
,ATL ,,
,WR,,
205,Darren Waller,12.6,6
,Darren Waller,,
,OAK ,,
,TE,,
206,DaeSean Hamilton,51.3,10
,DaeSean Hamilton,,
,DEN ,,
,WR,,
207,Chris Herndon IV,93.7,4
,Chris Herndon IV,,
,NYJ ,,
,TE,,
208,NO,108,9
,New Orleans Saints,,
,NO ,,
,DST,,
210,A.J. Brown,0,11
,A.J. Brown,,
,TEN ,,
,WR,,
211,J.J. Arcega-Whiteside,0,10
,J.J. Arcega-Whiteside,,
,PHI ,,
,WR,,
212,Noah Fant,0,10
,Noah Fant,,
,DEN ,,
,TE,,
213,Nelson Agholor,133.4,10
,Nelson Agholor,,
,PHI ,,
,WR,,
214,Ty Montgomery,58.8,4
,Ty Montgomery,,
,NYJ ,,
,RB,,
215,Zay Jones,135.2,6
,Zay Jones,,
,BUF ,,
,WR,,
217,Mike Davis,119.8,6
,Mike Davis,,
,CHI ,,
,RB,,
218,Jamaal Williams,98.9,11
,Jamaal Williams,,
,GB ,,
,RB,,
219,DeVante Parker,48.9,5
,DeVante Parker,,
,MIA ,,
,WR,,
220,Chris Thompson,71.1,10
,Chris Thompson,,
,WAS ,,
,RB,,
221,Jalen Richard,122.6,6
,Jalen Richard,,
,OAK ,,
,RB,,
222,DET,98,5
,Detroit Lions,,
,DET ,,
,DST,,
223,Antonio Callaway,108.8,7
,Antonio Callaway,,
,CLE ,,
,WR,,
224,Robert Foster,85.6,6
,Robert Foster,,
,BUF ,,
,WR,,
225,Marcus Mariota,174.92,11
,Marcus Mariota,,
,TEN ,,
,QB,,
226,Dallas Goedert,73.9,10
,Dallas Goedert,,
,PHI ,,
,TE,,
227,Jack Doyle,47.5,6
,Jack Doyle,,
,IND ,,
,TE,,
228,T.J. Yeldon,145.6,6
,T.J. Yeldon,,
,BUF ,,
,RB,,
229,Ryquell Armstead,0,10
,Ryquell Armstead,,
,JAC ,,
,RB,,
230,Andy Isabella,0,12
,Andy Isabella,,
,ARI ,,
,WR,,
231,Chase Edmonds,53.1,12
,Chase Edmonds,,
,ARI ,,
,RB,,
232,Giovani Bernard,78.4,9
,Giovani Bernard,,
,CIN ,,
,RB,,
233,Darrel Williams,14.6,12
,Darrel Williams,,
,KC ,,
,RB,,
234,KC,123,12
,Kansas City Chiefs,,
,KC ,,
,DST,,
235,Albert Wilson,83.78,5
,Albert Wilson,,
,MIA ,,
,WR,,
236,Brian Hill,15.1,9
,Brian Hill,,
,ATL ,,
,RB,,
237,Preston Williams,0,5
,Preston Williams,,
,MIA ,,
,WR,,
238,Jalen Hurd,0,0
,Jalen Hurd,,
,FA ,,
,WR,,
239,Gus Edwards,88.8,8
,Gus Edwards,,
,BAL ,,
,RB,,
240,PIT,110,7
,Pittsburgh Steelers,,
,PIT ,,
,DST,,
241,Dontrell Hilliard,13,7
,Dontrell Hilliard,,
,CLE ,,
,RB,,
242,Dwayne Haskins,0,10
,Dwayne Haskins,,
,WAS ,,
,QB,,
243,Darius Jackson,1.6,0
,Darius Jackson,,
,FA ,,
,RB,,
244,Devine Ozigbo,0,10
,Devine Ozigbo,,
,JAC ,,
,RB,,
245,Trayveon Williams,0,9
,Trayveon Williams,,
,CIN ,,
,RB,,
246,Marqise Lee,0,10
,Marqise Lee,,
,JAC ,,
,WR,,
247,Jakobi Meyers,0,10
,Jakobi Meyers,,
,NE ,,
,WR,,
248,Alfred Morris,64.1,12
,Alfred Morris,,
,ARI ,,
,RB,,
251,Mike Gesicki,29.2,5
,Mike Gesicki,,
,MIA ,,
,TE,,
252,Irv Smith Jr.,0,12
,Irv Smith Jr.,,
,MIN ,,
,TE,,
254,Trey Quinn,18,10
,Trey Quinn,,
,WAS ,,
,WR,,
255,ARI,100,12
,Arizona Cardinals,,
,ARI ,,
,DST,,
256,Matt LaCosse,43,10
,Matt LaCosse,,
,DEN ,,
,TE,,
258,Dexter Williams,0,11
,Dexter Williams,,
,GB ,,
,RB,,
259,Cole Beasley,117.7,6
,Cole Beasley,,
,BUF ,,
,WR,,
260,Miles Boykin,0,8
,Miles Boykin,,
,BAL ,,
,WR,,
261,Maurice Harris,45.4,0
,Maurice Harris,,
,FA ,,
,WR,,
262,SF,53,4
,San Francisco 49ers,,
,SF ,,
,DST,,
263,Qadree Ollison,0,9
,Qadree Ollison,,
,ATL ,,
,RB,,
264,Demarcus Robinson,63.8,12
,Demarcus Robinson,,
,KC ,,
,WR,,
265,Riley Ridley,0,6
,Riley Ridley,,
,CHI ,,
,WR,,
266,Frank Gore,96.6,6
,Frank Gore,,
,BUF ,,
,RB,,
267,Jay Ajayi,40.9,10
,Jay Ajayi,,
,PHI ,,
,RB,,
269,Willie Snead,103.4,8
,Willie Snead,,
,BAL ,,
,WR,,
271,Josh Reynolds,85.5,9
,Josh Reynolds,,
,LAR ,,
,WR,,
272,David Moore,88,11
,David Moore,,
,SEA ,,
,WR,,
273,Ian Thomas,63.3,7
,Ian Thomas,,
,CAR ,,
,TE,,
274,TEN,113,11
,Tennessee Titans,,
,TEN ,,
,DST,,
275,Theo Riddick,86,0
,Theo Riddick,,
,FA ,,
,RB,,
276,Bruce Anderson,0,0
,Bruce Anderson,,
,FA ,,
,RB,,
277,KeeSean Johnson,0,12
,KeeSean Johnson,,
,ARI ,,
,WR,,
278,Benny Snell Jr.,0,7
,Benny Snell Jr.,,
,PIT ,,
,RB,,
279,Taylor Gabriel,118.4,6
,Taylor Gabriel,,
,CHI ,,
,WR,,
280,Dez Bryant,0,0
,Dez Bryant,,
,FA ,,
,WR,,
282,Gerald Everett,68.1,9
,Gerald Everett,,
,LAR ,,
,TE,,
284,IND,116,6
,Indianapolis Colts,,
,IND ,,
,DST,,
285,Diontae Johnson,0,7
,Diontae Johnson,,
,PIT ,,
,WR,,
287,Paul Richardson Jr.,49.1,10
,Paul Richardson Jr.,,
,WAS ,,
,WR,,
289,D.J. Chark,22.4,10
,D.J. Chark,,
,JAC ,,
,WR,,
290,John Ross,74.4,9
,John Ross,,
,CIN ,,
,WR,,
291,Josh Doctson,87.2,12
,Josh Doctson,,
,MIN ,,
,WR,,
292,Andy Dalton,174.54,9
,Andy Dalton,,
,CIN ,,
,QB,,
293,Rashard Higgins,98.7,7
,Rashard Higgins,,
,CLE ,,
,WR,,
294,Hunter Renfrow,0,6
,Hunter Renfrow,,
,OAK ,,
,WR,,
295,Myles Gaskin,0,5
,Myles Gaskin,,
,MIA ,,
,RB,,
297,Travis Benjamin,34.7,12
,Travis Benjamin,,
,LAC ,,
,WR,,
299,WAS,120,10
,Washington Redskins,,
,WAS ,,
,DST,,
300,Josh Rosen,112.92,5
,Josh Rosen,,
,MIA ,,
,QB,,
301,Danny Amendola,97.92,5
,Danny Amendola,,
,DET ,,
,WR,,
302,Doug Martin,110.9,0
,Doug Martin,,
,FA ,,
,RB,,
303,Chris Conley,75.4,10
,Chris Conley,,
,JAC ,,
,WR,,
304,Cameron Artis-Payne,15.9,7
,Cameron Artis-Payne,,
,CAR ,,
,RB,,
305,Ricky Seals-Jones,57.3,7
,Ricky Seals-Jones,,
,CLE ,,
,TE,,
306,Deon Cain,0,6
,Deon Cain,,
,IND ,,
,WR,,
307,Alfred Blue,87.3,0
,Alfred Blue,,
,FA ,,
,RB,,
308,Taywan Taylor,69.1,7
,Taywan Taylor,,
,CLE ,,
,WR,,
309,Ryan Fitzpatrick,165.84,5
,Ryan Fitzpatrick,,
,MIA ,,
,QB,,
310,Hayden Hurst,28.8,8
,Hayden Hurst,,
,BAL ,,
,TE,,
312,Chad Beebe,5.9,12
,Chad Beebe,,
,MIN ,,
,WR,,
313,Alex Collins,101.1,8
,Alex Collins,,
,BAL ,,
,RB,,
314,Geoff Swaim,43.2,10
,Geoff Swaim,,
,JAC ,,
,TE,,
315,Devontae Booker,68.8,10
,Devontae Booker,,
,DEN ,,
,RB,,
316,Corey Clement,70.1,10
,Corey Clement,,
,PHI ,,
,RB,,
317,NYJ,91,4
,New York Jets,,
,NYJ ,,
,DST,,
318,Case Keenum,214.9,10
,Case Keenum,,
,WAS ,,
,QB,,
319,Joe Flacco,137.1,10
,Joe Flacco,,
,DEN ,,
,QB,,
320,James Develin,36.9,10
,James Develin,,
,NE ,,
,RB,,
321,Blake Jarwin,62.2,8
,Blake Jarwin,,
,DAL ,,
,TE,,
323,Spencer Ware,69,12
,Spencer Ware,,
,KC ,,
,RB,,
324,Bilal Powell,54.8,4
,Bilal Powell,,
,NYJ ,,
,RB,,
325,Kendrick Bourne,93.7,4
,Kendrick Bourne,,
,SF ,,
,WR,,
326,Zach Zenner,53.6,5
,Zach Zenner,,
,DET ,,
,RB,,
327,Devin Gray,0,0
,Devin Gray,,
,FA ,,
,WR,,
328,Chris Hogan,88.7,7
,Chris Hogan,,
,CAR ,,
,WR,,
329,Jaron Brown,53.6,11
,Jaron Brown,,
,SEA ,,
,WR,,
331,Jordan Thomas,55.5,10
,Jordan Thomas,,
,HOU ,,
,TE,,
332,Phillip Dorsett,65.9,10
,Phillip Dorsett,,
,NE ,,
,WR,,
333,Daniel Jones,0,11
,Daniel Jones,,
,NYG ,,
,QB,,
334,Kyle Juszczyk,52.4,4
,Kyle Juszczyk,,
,SF ,,
,RB,,
335,Michael Crabtree,105.7,8
,Michael Crabtree,,
,BAL ,,
,WR,,
336,Cordarrelle Patterson,80,6
,Cordarrelle Patterson,,
,CHI ,,
,WR,,
337,Breshad Perriman,54.2,7
,Breshad Perriman,,
,TB ,,
,WR,,
338,Wendell Smallwood,103.4,10
,Wendell Smallwood,,
,WAS ,,
,RB,,
339,Laquon Treadwell,53.7,12
,Laquon Treadwell,,
,MIN ,,
,WR,,
340,Wayne Gallman,37.5,11
,Wayne Gallman,,
,NYG ,,
,RB,,
341,Cameron Brate,77.9,7
,Cameron Brate,,
,TB ,,
,TE,,
342,Chester Rogers,86.6,6
,Chester Rogers,,
,IND ,,
,WR,,
344,Jordan Matthews,52,4
,Jordan Matthews,,
,SF ,,
,WR,,
345,Jarius Wright,74.1,7
,Jarius Wright,,
,CAR ,,
,WR,,
346,Keelan Cole,70.1,10
,Keelan Cole,,
,JAC ,,
,WR,,
347,Jesse James,69.3,5
,Jesse James,,
,DET ,,
,TE,,
348,C.J. Uzomah,83.4,9
,C.J. Uzomah,,
,CIN ,,
,TE,,
350,Seth Roberts,84.4,8
,Seth Roberts,,
,BAL ,,
,WR,,
351,Tajae Sharpe,58.2,11
,Tajae Sharpe,,
,TEN ,,
,WR,,
352,Isaiah McKenzie,43.5,6
,Isaiah McKenzie,,
,BUF ,,
,WR,,
353,Drew Lock,0,10
,Drew Lock,,
,DEN ,,
,QB,,
355,Kapri Bibbs,53.8,0
,Kapri Bibbs,,
,FA ,,
,RB,,
357,Jordan Wilkins,52.1,6
,Jordan Wilkins,,
,IND ,,
,RB,,
358,Tim Patrick,48.7,10
,Tim Patrick,,
,DEN ,,
,WR,,
359,MIA,104,5
,Miami Dolphins,,
,MIA ,,
,DST,,
360,Blake Bortles,173.22,10
,Blake Bortles,,
,JAC ,,
,QB,,
361,Zach Pascal,53.3,6
,Zach Pascal,,
,IND ,,
,WR,,
362,Gunner Olszewski,0,10
,Gunner Olszewski,,
,NE ,,
,WR,,
363,Joshua Dobbs,0.82,7
,Joshua Dobbs,,
,PIT ,,
,QB,,
364,Nick Vannett,59.4,11
,Nick Vannett,,
,SEA ,,
,TE,,
365,Aldrick Robinson,61.6,0
,Aldrick Robinson,,
,FA ,,
,WR,,
366,Ryan Tannehill,141.96,11
,Ryan Tannehill,,
,TEN ,,
,QB,,
368,C.J. Beathard,74.98,4
,C.J. Beathard,,
,SF ,,
,QB,,
370,Reggie Bonnafon,0,7
,Reggie Bonnafon,,
,CAR ,,
,RB,,
371,Chris Ivory,71.6,6
,Chris Ivory,,
,BUF ,,
,RB,,
372,Will Dissly,31.6,11
,Will Dissly,,
,SEA ,,
,TE,,
373,Alex Barnes,0,0
,Alex Barnes,,
,FA ,,
,RB,,
374,LeGarrette Blount,81.5,5
,LeGarrette Blount,,
,DET ,,
,RB,,
375,Jordan Scarlett,0,7
,Jordan Scarlett,,
,CAR ,,
,RB,,
376,Marshawn Lynch,71.5,6
,Marshawn Lynch,,
,OAK ,,
,RB,,
378,Jaydon Mickens,0,7
,Jaydon Mickens,,
,TB ,,
,WR,,
379,Terry McLaurin,0,10
,Terry McLaurin,,
,WAS ,,
,WR,,
381,Olamide Zaccheaus,0,9
,Olamide Zaccheaus,,
,ATL ,,
,WR,,
383,Jacob Dolegala,0,0
,Jacob Dolegala,,
,FA ,,
,QB,,
384,Manasseh Garner,0,0
,Manasseh Garner,,
,FA ,,
,TE,,
385,Terrelle Pryor,45.1,0
,Terrelle Pryor,,
,FA ,,
,WR,,
388,Demetrius Harris,40.4,7
,Demetrius Harris,,
,CLE ,,
,TE,,
389,Jordan Veasy,0,0
,Jordan Veasy,,
,FA ,,
,WR,,
390,Devonte Boyd,0,0
,Devonte Boyd,,
,FA ,,
,WR,,
392,Jake Kumerow,20.3,11
,Jake Kumerow,,
,GB ,,
,WR,,
394,DeAndre Carter,31.3,10
,DeAndre Carter,,
,HOU ,,
,WR,,
396,Robert Griffin,0.84,8
,Robert Griffin,,
,BAL ,,
,QB,,
397,Paxton Lynch,0,0
,Paxton Lynch,,
,FA ,,
,QB,,
399,OAK,39,6
,Oakland Raiders,,
,OAK ,,
,DST,,
401,DeAndre Washington,10.9,6
,DeAndre Washington,,
,OAK ,,
,RB,,
402,Damion Willis,0,9
,Damion Willis,,
,CIN ,,
,WR,,
403,Russell Shepard,35.8,11
,Russell Shepard,,
,NYG ,,
,WR,,
404,Trace McSorley,0,8
,Trace McSorley,,
,BAL ,,
,QB,,
406,Darius Slayton,0,11
,Darius Slayton,,
,NYG ,,
,WR,,
407,Ty Johnson,0,5
,Ty Johnson,,
,DET ,,
,RB,,
408,Tavon Austin,35.5,8
,Tavon Austin,,
,DAL ,,
,WR,,
411,James O'Shaughnessy,33.4,10
,James O'Shaughnessy,,
,JAC ,,
,TE,,
412,Taysom Hill,30.56,9
,Taysom Hill,,
,NO ,,
,QB,,
413,Dawson Knox,0,6
,Dawson Knox,,
,BUF ,,
,TE,,
414,Jeff Heuerman,55.6,10
,Jeff Heuerman,,
,DEN ,,
,TE,,
415,Josh Hill,32.5,9
,Josh Hill,,
,NO ,,
,TE,,
416,C.J. Prosise,3.4,11
,C.J. Prosise,,
,SEA ,,
,RB,,
417,Jakeem Grant,49.8,5
,Jakeem Grant,,
,MIA ,,
,WR,,
418,Garrett Gilbert,1.6,7
,Garrett Gilbert,,
,CAR ,,
,QB,,
419,Trent Taylor,40.5,0
,Trent Taylor,,
,FA ,,
,WR,,
420,Mark Walton,10,5
,Mark Walton,,
,MIA ,,
,RB,,
421,NYG,84,11
,New York Giants,,
,NYG ,,
,DST,,
422,Mason Rudolph,0,7
,Mason Rudolph,,
,PIT ,,
,QB,,
423,Josh Oliver,0,10
,Josh Oliver,,
,JAC ,,
,TE,,
424,Andre Ellington,0,0
,Andre Ellington,,
,FA ,,
,RB,,
425,Mike Boone,5.8,12
,Mike Boone,,
,MIN ,,
,RB,,
426,Tyrod Taylor,41.42,12
,Tyrod Taylor,,
,LAC ,,
,QB,,
427,Will Grier,0,7
,Will Grier,,
,CAR ,,
,QB,,
428,De'Angelo Henderson Sr.,-0.1,0
,De'Angelo Henderson Sr.,,
,FA ,,
,RB,,
429,Quadree Henderson,0,0
,Quadree Henderson,,
,FA ,,
,WR,,
430,Gary Jennings Jr.,0,5
,Gary Jennings Jr.,,
,MIA ,,
,WR,,
431,TB,68,7
,Tampa Bay Buccaneers,,
,TB ,,
,DST,,
432,AJ McCarron,0.12,6
,AJ McCarron,,
,OAK ,,
,QB,,
433,Kevin White,11.2,0
,Kevin White,,
,FA ,,
,WR,,
434,Dontrelle Inman,62.4,12
,Dontrelle Inman,,
,LAC ,,
,WR,,
435,Cooper Rush,0,8
,Cooper Rush,,
,DAL ,,
,QB,,
436,Ryan Switzer,51.4,7
,Ryan Switzer,,
,PIT ,,
,WR,,
437,Charles Clay,26.9,12
,Charles Clay,,
,ARI ,,
,TE,,
438,Chris Moore,36.8,8
,Chris Moore,,
,BAL ,,
,WR,,
439,Tyler Kroft,5.6,9
,Tyler Kroft,,
,CIN ,,
,TE,,
440,Blaine Gabbert,33.04,0
,Blaine Gabbert,,
,FA ,,
,QB,,
441,Jonnu Smith,53.8,11
,Jonnu Smith,,
,TEN ,,
,TE,,
442,Justin Watson,1,7
,Justin Watson,,
,TB ,,
,WR,,
443,Foster Moreau,0,6
,Foster Moreau,,
,OAK ,,
,TE,,
444,Bryce Love,0,0
,Bryce Love,,
,FA ,,
,RB,,
88.9,Chicago Bears,,
105.4,Los Angeles Rams,,
109.8,Jacksonville Jaguars,,
114.9,Baltimore Ravens,,
122.4,Minnesota Vikings,,
127.5,Cleveland Browns,,
131.1,Los Angeles Chargers,,
140.3,Dallas Cowboys,,
145.1,Denver Broncos,,
146.2,New England Patriots,,
162.5,Seattle Seahawks,,
162.7,Philadelphia Eagles,,
163.1,Kansas City Chiefs,,
165,Arizona Cardinals,,
166.3,Pittsburgh Steelers,,
166.3,Green Bay Packers,,
166.9,New York Jets,,
167.1,Indianapolis Colts,,
167.4,Houston Texans,,
170.6,New Orleans Saints,,
171.8,Buffalo Bills,,
174,Atlanta Falcons,,
176,Miami Dolphins,,
177,New York Giants,,
179,Tennessee Titans,,
181,Detroit Lions,,
182,Las Vegas Raiders,,
183,Washington Redskins,,
185,Tampa Bay Buccaneers,,
186,Cincinnati Bengals,,
187,San Francisco 49ers,,
189,Carolina Panthers,,
